,link
0,/ci/engine/match/66131.html
1,/ci/engine/match/66132.html
2,/ci/engine/match/65562.html
3,/ci/engine/match/66133.html
4,/ci/engine/match/66134.html
5,/ci/engine/match/65563.html
6,/ci/engine/match/66135.html
7,/ci/engine/match/65564.html
8,/ci/engine/match/66136.html
9,/ci/engine/match/65565.html
10,/ci/engine/match/65566.html
11,/ci/engine/match/64570.html
12,/ci/engine/match/65567.html
13,/ci/engine/match/64571.html
14,/ci/engine/match/65568.html
15,/ci/engine/match/64572.html
16,/ci/engine/match/65569.html
17,/ci/engine/match/64573.html
18,/ci/engine/match/64574.html
19,/ci/engine/match/64575.html
20,/ci/engine/match/64576.html
21,/ci/engine/match/64577.html
22,/ci/engine/match/64578.html
23,/ci/engine/match/64579.html
24,/ci/engine/match/64580.html
25,/ci/engine/match/64581.html
26,/ci/engine/match/64582.html
27,/ci/engine/match/64583.html
28,/ci/engine/match/64584.html
29,/ci/engine/match/66137.html
30,/ci/engine/match/64585.html
31,/ci/engine/match/66138.html
32,/ci/engine/match/66079.html
33,/ci/engine/match/64586.html
34,/ci/engine/match/66139.html
35,/ci/engine/match/66080.html
36,/ci/engine/match/64587.html
37,/ci/engine/match/66140.html
38,/ci/engine/match/66081.html
39,/ci/engine/match/64588.html
40,/ci/engine/match/66141.html
41,/ci/engine/match/66082.html
42,/ci/engine/match/66142.html
43,/ci/engine/match/66083.html
44,/ci/engine/match/66084.html
45,/ci/engine/match/66143.html
46,/ci/engine/match/66085.html
47,/ci/engine/match/66086.html
48,/ci/engine/match/65768.html
49,/ci/engine/match/65769.html
50,/ci/engine/match/66087.html
51,/ci/engine/match/65770.html
52,/ci/engine/match/65771.html
53,/ci/engine/match/65772.html
54,/ci/engine/match/65773.html
55,/ci/engine/match/66088.html
56,/ci/engine/match/65774.html
57,/ci/engine/match/66144.html
58,/ci/engine/match/66145.html
59,/ci/engine/match/66146.html
60,/ci/engine/match/65026.html
61,/ci/engine/match/66147.html
62,/ci/engine/match/65027.html
63,/ci/engine/match/65028.html
64,/ci/engine/match/66148.html
65,/ci/engine/match/66149.html
66,/ci/engine/match/66150.html
67,/ci/engine/match/66151.html
68,/ci/engine/match/66152.html
69,/ci/engine/match/66153.html
70,/ci/engine/match/66154.html
71,/ci/engine/match/66155.html
72,/ci/engine/match/66156.html
73,/ci/engine/match/66157.html
74,/ci/engine/match/66158.html
75,/ci/engine/match/66159.html
76,/ci/engine/match/66160.html
77,/ci/engine/match/66161.html
78,/ci/engine/match/66041.html
79,/ci/engine/match/66042.html
80,/ci/engine/match/66043.html
81,/ci/engine/match/66044.html
82,/ci/engine/match/66045.html
83,/ci/engine/match/64589.html
84,/ci/engine/match/64590.html
85,/ci/engine/match/64591.html
86,/ci/engine/match/66162.html
87,/ci/engine/match/66163.html
88,/ci/engine/match/66164.html
89,/ci/engine/match/66165.html
90,/ci/engine/match/66166.html
91,/ci/engine/match/66167.html
92,/ci/engine/match/66168.html
93,/ci/engine/match/66169.html
94,/ci/engine/match/64592.html
95,/ci/engine/match/65880.html
96,/ci/engine/match/65881.html
97,/ci/engine/match/64593.html
98,/ci/engine/match/65882.html
99,/ci/engine/match/65883.html
100,/ci/engine/match/64594.html
101,/ci/engine/match/65884.html
102,/ci/engine/match/65885.html
103,/ci/engine/match/65886.html
104,/ci/engine/match/64595.html
105,/ci/engine/match/64596.html
106,/ci/engine/match/64597.html
